model,total_questions,correct_count,accuracy
claude-3-7-sonnet-20250219,174,312,1.793103448275862
gpt-4,174,146,0.8390804597701149
o3-mini-2025-01-31,174,302,1.735632183908046
